Annual Distance (miles/vehicle),2020.0
LDVs,10306.447623642
HDVs,10083.128927097
aircraft,1628498.203475153
rail,0.0
ships,176.116518892
motorbikes,1752.087017848
