Annual Distance (miles/vehicle),2020.0
LDVs,9271.581879573
HDVs,36003.714163169
aircraft,1108238.597734016
rail,19917.016975625
ships,0.0
motorbikes,0.0
