Annual Distance (miles/vehicle),2020.0
LDVs,10273.156584234
HDVs,17956.642514103
aircraft,1140228.911618201
rail,0.0
ships,187.73477556
motorbikes,2025.406624981
