Annual Distance (miles/vehicle),2020.0
LDVs,8991.928451702
HDVs,37048.17080635
aircraft,1271633.897920218
rail,19766.093991625
ships,0.0
motorbikes,0.0
