Annual Distance (miles/vehicle),2020.0
LDVs,9244.409731691
HDVs,36448.067597007
aircraft,1477181.291868557
rail,20163.090844394
ships,0.0
motorbikes,0.0
