Annual Distance (miles/vehicle),2020.0
LDVs,10243.50127774
HDVs,18178.219196426
aircraft,1519821.747635444
rail,0.0
ships,187.35898288
motorbikes,2019.088909468
