Unit: dimensionless (MW-peak/MW-avg),summer,winter
LDVs,3.52891,2.83895
HDVs,0.59906,0.61531
aircraft,1.16151,1.22451
rail,1.16151,1.22451
ships,1.16151,1.22451
motorbikes,1.16151,1.22451
