solar pv,Hour0,Hour1,Hour2,Hour3,Hour4,Hour5,Hour6,Hour7,Hour8,Hour9,Hour10,Hour11,Hour12,Hour13,Hour14,Hour15,Hour16,Hour17,Hour18,Hour19,Hour20,Hour21,Hour22,Hour23
Winter,0,0,0,0.0,0.0,2.1380043047128835e-05,0.06993517922513098,0.37585226605755484,0.5479607658525639,0.5458293237392814,0.5260290753581,0.5090334229207945,0.5198477027143457,0.526450325711207,0.46808259650895084,0.20960168637386448,0.013708417897911052,0.0,0.0,0,0,0,0,0
Spring,0,0,0,0.0,0.024202049966653948,0.2435591747942505,0.5818785106780777,0.7614494393100137,0.7973824648763143,0.7956553913494749,0.7913103209673351,0.7754618348496646,0.7732346588307578,0.7689864336931131,0.7481255446615597,0.6571870662666573,0.3663216355812096,0.062433959369506714,0.0,0,0,0,0,0
Summer,0,0,0,3.637551423177149e-06,0.06294139171017805,0.3883573016509015,0.6685492136171516,0.7649180240364397,0.7962961022360621,0.7926680644089147,0.7834029411224341,0.7664441167642865,0.7512973526381767,0.7391826275291096,0.718465093304228,0.6680469517091052,0.5181062426107992,0.18649670184299652,1.4830017340645298e-05,0,0,0,0,0
Fall,0,0,0,0.0,1.436672264488125e-05,0.07758070135798774,0.4553081786834314,0.686192585704286,0.7158119788904829,0.6908358306479855,0.67058393970188,0.6625074471216829,0.665360837869208,0.6699099009644581,0.6340964549401722,0.42018553257298685,0.10200971691309227,8.540218461123855e-05,0.0,0,0,0,0,0
Summer Peak,0,0,0,0.0,0.00019474890696394583,0.1266354767533058,0.24613827478905703,0.29918300832336175,0.40393357665659413,0.5283050973664439,0.6320575775514863,0.686635958728132,0.5992667303414317,0.6202509250667969,0.6365611460250276,0.5670114426255283,0.38333887974515685,0.09688758121456305,0.0,0,0,0,0,0
Winter Peak,0,0,0,0.0,0.0,0.0,0.0,0.1459886493828479,0.3134970529852118,0.38187826294292726,0.38813457157914405,0.40853451958361736,0.45016209844716076,0.36325539871449997,0.26176687457291364,0.0492471298485078,0.0,0.0,0.0,0,0,0,0,0
