solar thermal,Hour0,Hour1,Hour2,Hour3,Hour4,Hour5,Hour6,Hour7,Hour8,Hour9,Hour10,Hour11,Hour12,Hour13,Hour14,Hour15,Hour16,Hour17,Hour18,Hour19,Hour20,Hour21,Hour22,Hour23
Winter,0,0,0,0,0.0,0.0,0.03939920948616601,0.2689249011857708,0.4358181818181819,0.43948616600790485,0.4236916996047429,0.4087193675889327,0.4177075098814231,0.428094861660079,0.38978656126482225,0.18815019762845853,0.015304347826086957,0.0,0.0,0,0,0,0,0
Spring,0,0,0,0,0.015207509881422929,0.18676877470355732,0.4594169960474307,0.6153359683794468,0.6467984189723321,0.6474011857707509,0.6443675889328064,0.6330731225296444,0.6265810276679845,0.617094861660079,0.598922924901186,0.5337845849802373,0.31858695652173913,0.06838932806324112,0.0,0,0,0,0,0
Summer,0,0,0,0,0.047356321839080465,0.31994775339602927,0.5663427377220481,0.6476593521421108,0.6703030303030302,0.66858934169279,0.6611912225705329,0.6508150470219436,0.6450679205851619,0.6359561128526646,0.6204284221525601,0.5728317659352143,0.4562173458725183,0.19117032392894454,4.179728317659352e-05,0,0,0,0,0
Fall,0,0,0,0,0.0,0.050596125186289115,0.35289120715350214,0.5736065573770492,0.6043666169895676,0.5880923994038748,0.5709090909090909,0.5613561847988077,0.5641579731743664,0.5671236959761548,0.5401341281669149,0.37624441132637865,0.10302533532041729,0.0003874813710879286,0.0,0,0,0,0,0
Summer Peak,0,0,0,0,0.0,0.24690909090909094,0.5396363636363636,0.6292727272727273,0.6716363636363636,0.6665454545454547,0.6590909090909091,0.6374545454545454,0.6269090909090909,0.6030909090909091,0.5869090909090909,0.5207272727272727,0.3849090909090909,0.1290909090909091,0.0,0,0,0,0,0
Winter Peak,0,0,0,0,0.0,0.0,0.0007272727272727273,0.22981818181818184,0.4856363636363636,0.4754545454545454,0.4283636363636363,0.40763636363636363,0.4147272727272728,0.3912727272727273,0.32436363636363635,0.08145454545454545,0.0,0.0,0.0,0,0,0,0,0
