solar pv dist,Hour0,Hour1,Hour2,Hour3,Hour4,Hour5,Hour6,Hour7,Hour8,Hour9,Hour10,Hour11,Hour12,Hour13,Hour14,Hour15,Hour16,Hour17,Hour18,Hour19,Hour20,Hour21,Hour22,Hour23
Winter,0,0,0,0,0.0,1.1099483081216503e-05,0.13575460628547875,0.3776155139060666,0.45199790695461894,0.44781974439476097,0.42802936606095204,0.4209875368661402,0.42414296134208584,0.5560444613579423,0.4422319474835887,0.16218723242317573,0.011020201059207814,0.0,0,0,0,0,0,0
Spring,0,0,0,0,0.004477452192940728,0.02085711793993594,0.4474816065708939,0.5448280372942633,0.5667693368851678,0.5634236355564015,0.5600937906320365,0.5541595312846858,0.552928677893001,0.6158231059524943,0.5822114927219104,0.4727666254400152,0.22264175625535157,0.06820830558462564,0,0,0,0,0,0
Summer,0,0,0,0,0.008679376577211028,0.02894942025704873,0.4781412175021171,0.5370209679988598,0.5611643485332459,0.562539299278151,0.554176412887648,0.5419192300275828,0.5167069091274932,0.5405673348591933,0.5240113349597993,0.4867912506183088,0.3291497941765805,0.12279190455829703,0,0,0,0,0,0
Fall,0,0,0,0,0.0,0.0,0.4123590534610371,0.5238727266205115,0.5335790556133491,0.5180286018342479,0.5013212803864596,0.5004573662876206,0.5084149418277912,0.5764638710526,0.5225604142004759,0.3014133515084119,0.061239253386902,0.005942772416926739,0,0,0,0,0,0
Summer Peak,0,0,0,0,0.002917578409919767,0.01714077315827863,0.10740335521517141,0.09208606856309264,0.20696571845368344,0.2689642596644785,0.3716265499635303,0.4943471918307805,0.4318016046681255,0.34938001458789203,0.42724288840262586,0.2846462436177972,0.21261852662290298,0.022611232676878194,0,0,0,0,0,0
Winter Peak,0,0,0,0,0.0,0.0,0.011487964989059081,0.14460247994164843,0.3238512035010941,0.41064916119620715,0.38347921225382936,0.3269511305616339,0.2913931436907367,0.34846827133479213,0.2202771699489424,0.047592997811816196,0.0,0.0,0,0,0,0,0,0
