solar pv,Hour0,Hour1,Hour2,Hour3,Hour4,Hour5,Hour6,Hour7,Hour8,Hour9,Hour10,Hour11,Hour12,Hour13,Hour14,Hour15,Hour16,Hour17,Hour18,Hour19,Hour20,Hour21,Hour22,Hour23
Winter,0,0,0,0.0,0.0,2.3227040874992525e-05,0.07597680055560914,0.40832171981289583,0.5952984789737789,0.5929829039780333,0.5714721344500708,0.5530082467493641,0.5647567599887775,0.571929776146519,0.5085197245870877,0.22770893988105903,0.014892672673501396,0.0,0.0,0,0,0,0,0
Spring,0,0,0,0.0,0.026292837792465242,0.26459997746287117,0.6321463395563407,0.827230198372727,0.866267437528459,0.8643911640656982,0.8596707279492595,0.8424531089739169,0.840033529728313,0.8354183052079165,0.8127552674789235,0.7139607164047301,0.39796774890878917,0.06782755876901282,0.0,0,0,0,0,0
Summer,0,0,0,3.951795391841792e-06,0.0683788276178213,0.42190705134050965,0.726304426861995,0.8309984302252765,0.8650872252438261,0.8611457653168553,0.8510802384695728,0.8326563603842847,0.8162010843726553,0.8030397818122571,0.7805324831501526,0.7257587751136599,0.5628648571091585,0.2026079417712068,1.6111165828278073e-05,0,0,0,0,0
Fall,0,0,0,0.0,1.5607847625786246e-05,0.08428281073056863,0.4946417391998029,0.7454719899832305,0.7776501691717265,0.7505163596256197,0.728514930640459,0.7197407189668298,0.7228406109258402,0.7277826624560163,0.6888753331841917,0.45648488726798486,0.11082222141292646,9.277998310884047e-05,0.0,0,0,0,0,0
Summer Peak,0,0,0,0.0,0.00031207024225113724,0.2893472971543426,0.6189357875806621,0.7271977150111075,0.7744948693536444,0.787427271765577,0.8003120702422512,0.7987041150957368,0.7630963715222682,0.7459906907859941,0.7504654607003067,0.7018248175182483,0.51725378186819,0.14815931450333228,0.0,0,0,0,0,0
Winter Peak,0,0,0,0.0,0.0,0.0,0.005876441341373109,0.2825134877816567,0.5545858457632498,0.5768274621813181,0.5386543954300221,0.5296625409922775,0.5623664445149689,0.5477784830212632,0.44627102507140587,0.09334073838992912,0.0,0.0,0.0,0,0,0,0,0
