Unit: dimensionless (ratio of electricity demand in this hour to annual demand),Hour0,Hour1,Hour2,Hour3,Hour4,Hour5,Hour6,Hour7,Hour8,Hour9,Hour10,Hour11,Hour12,Hour13,Hour14,Hour15,Hour16,Hour17,Hour18,Hour19,Hour20,Hour21,Hour22,Hour23
Winter,0,0,0,0,0.0,1.0637004619499148e-05,0.13286682470216393,0.37565189642596647,0.4517186360320933,0.4475063822027716,0.4270635788961829,0.4195538536348164,0.42300936056406496,0.5549066982737659,0.4393219669341114,0.1580506929248724,0.010561026015074157,0.0,0,0,0,0,0,0
Spring,0,0,0,0,0.004477452192940728,0.02085711793993594,0.4474816065708939,0.5448280372942633,0.5667693368851678,0.5634236355564015,0.5600937906320365,0.5541595312846858,0.552928677893001,0.6158231059524943,0.5822114927219104,0.4727666254400152,0.22264175625535157,0.06820830558462564,0,0,0,0,0,0
Summer,0,0,0,0,0.008427678939523675,0.02862279199568707,0.4743066787175341,0.5320735420036152,0.5564071766086319,0.5581394887895222,0.5512221323692639,0.5412821488599245,0.5161834427425237,0.5396152443471919,0.5246091396314971,0.48528525671518746,0.3264476897218787,0.11963458916056191,0,0,0,0,0,0
Fall,0,0,0,0,0.0,0.0,0.4123590534610371,0.5238727266205115,0.5335790556133491,0.5180286018342479,0.5013212803864596,0.5004573662876206,0.5084149418277912,0.5764638710526,0.5225604142004759,0.3014133515084119,0.061239253386902,0.005942772416926739,0,0,0,0,0,0
Summer Peak,0,0,0,0,0.002917578409919767,0.01714077315827863,0.10740335521517141,0.09208606856309264,0.20696571845368344,0.2689642596644785,0.3716265499635303,0.4943471918307805,0.4318016046681255,0.34938001458789203,0.42724288840262586,0.2846462436177972,0.21261852662290298,0.022611232676878194,0,0,0,0,0,0
Winter Peak,0,0,0,0,0.0,0.0,0.011487964989059081,0.14460247994164843,0.3238512035010941,0.41064916119620715,0.38347921225382936,0.3269511305616339,0.2913931436907367,0.34846827133479213,0.2202771699489424,0.047592997811816196,0.0,0.0,0,0,0,0,0,0
