Unit: dimensionless (ratio of electricity demand in this hour to annual demand),Hour0,Hour1,Hour2,Hour3,Hour4,Hour5,Hour6,Hour7,Hour8,Hour9,Hour10,Hour11,Hour12,Hour13,Hour14,Hour15,Hour16,Hour17,Hour18,Hour19,Hour20,Hour21,Hour22,Hour23
Winter,0,0,0,0.0,0.0,2.225924750520117e-05,0.07305595225501599,0.4030797101449276,0.5936021192566734,0.5923097605698371,0.5701047286575689,0.5520355090094855,0.5646571635107022,0.5709234722663,0.5059260287739342,0.2221102648189286,0.014272144645438837,0.0,0.0,0,0,0,0,0
Spring,0,0,0,0.0,0.026292837792465242,0.26459997746287117,0.6321463395563407,0.827230198372727,0.866267437528459,0.8643911640656982,0.8596707279492595,0.8424531089739169,0.840033529728313,0.8354183052079165,0.8127552674789235,0.7139607164047301,0.39796774890878917,0.06782755876901282,0.0,0,0,0,0,0
Summer,0,0,0,3.737023903154738e-06,0.06467954732567074,0.41470271687387,0.72046917472714,0.8253570870071152,0.8601637276410988,0.8571393254499379,0.848321098892001,0.830811129662081,0.8133149586742644,0.799939287734743,0.7788984058430957,0.7244580165486919,0.5603859943243232,0.19964877724577884,1.52355589897847e-05,0,0,0,0,0
Fall,0,0,0,0.0,1.5607847625786246e-05,0.08428281073056863,0.4946417391998029,0.7454719899832305,0.7776501691717265,0.7505163596256197,0.728514930640459,0.7197407189668298,0.7228406109258402,0.7277826624560163,0.6888753331841917,0.45648488726798486,0.11082222141292646,9.277998310884047e-05,0.0,0,0,0,0,0
Summer Peak,0,0,0,0.0,0.00021157304559399134,0.1375753728974929,0.2674018830001058,0.32502909129376917,0.43882894319263727,0.5739447794350999,0.6866603194752989,0.7459536655030149,0.6510367079234105,0.6738337035861631,0.69155294615466,0.6159949222469058,0.4164550936210727,0.10525759018301069,0.0,0,0,0,0,0
Winter Peak,0,0,0,0.0,0.0,0.0,0.0,0.15860044430339576,0.34057971014492755,0.41486829577911777,0.42166507986882473,0.4438273563947953,0.48905109489051096,0.39463662329419236,0.2843806199090236,0.05350153390458056,0.0,0.0,0.0,0,0,0,0,0
