Unit: dimensionless (ratio of electricity demand in this hour to annual demand),Hour0,Hour1,Hour2,Hour3,Hour4,Hour5,Hour6,Hour7,Hour8,Hour9,Hour10,Hour11,Hour12,Hour13,Hour14,Hour15,Hour16,Hour17,Hour18,Hour19,Hour20,Hour21,Hour22,Hour23
Winter,0,0,0,0,0.0,0.0,0.03778787878787879,0.26729545454545456,0.43789393939393934,0.44098484848484815,0.4238863636363635,0.4086742424242423,0.4175833333333335,0.426560606060606,0.3870606060606062,0.18370454545454548,0.014666666666666668,0.0,0.0,0,0,0,0,0
Spring,0,0,0,0,0.015207509881422929,0.18676877470355732,0.4594169960474307,0.6153359683794468,0.6467984189723321,0.6474011857707509,0.6443675889328064,0.6330731225296444,0.6265810276679845,0.617094861660079,0.598922924901186,0.5337845849802373,0.31858695652173913,0.06838932806324112,0.0,0,0,0,0,0
Summer,0,0,0,0,0.04478260869565218,0.3159782608695652,0.5648913043478262,0.6466600790513835,0.6703754940711459,0.6684782608695653,0.6610770750988142,0.6500889328063241,0.644081027667984,0.6341699604743082,0.6186067193675892,0.5700000000000002,0.45234189723320156,0.18779644268774695,3.9525691699604744e-05,0,0,0,0,0
Fall,0,0,0,0,0.0,0.050596125186289115,0.35289120715350214,0.5736065573770492,0.6043666169895676,0.5880923994038748,0.5709090909090909,0.5613561847988077,0.5641579731743664,0.5671236959761548,0.5401341281669149,0.37624441132637865,0.10302533532041729,0.0003874813710879286,0.0,0,0,0,0,0
Summer Peak,0,0,0,0,0.0,0.2,0.46454545454545454,0.54,0.6218181818181818,0.6427272727272727,0.64,0.6081818181818183,0.5681818181818182,0.47454545454545455,0.45181818181818184,0.37000000000000005,0.24181818181818182,0.07454545454545454,0.0,0,0,0,0,0
Winter Peak,0,0,0,0,0.0,0.0,0.0,0.1390909090909091,0.4309090909090909,0.45181818181818184,0.3845454545454545,0.3245454545454546,0.2590909090909091,0.13545454545454547,0.07545454545454545,0.013636363636363636,0.0,0.0,0.0,0,0,0,0,0
