solar pv,Hour0,Hour1,Hour2,Hour3,Hour4,Hour5,Hour6,Hour7,Hour8,Hour9,Hour10,Hour11,Hour12,Hour13,Hour14,Hour15,Hour16,Hour17,Hour18,Hour19,Hour20,Hour21,Hour22,Hour23
Winter,0,0,0,0.0,0.0,1.9173266071273006e-05,0.06271670249072163,0.3370580444916429,0.49140207702812055,0.48949063528483694,0.47173410272534494,0.45649268503890583,0.46619075081893685,0.4721118730172445,0.41976866680835173,0.1879672970243765,0.01229348056940167,0.0,0.0,0,0,0,0,0
Spring,0,0,0,0.0,0.021703994816942896,0.21841980636502853,0.521818944975655,0.6828551592496972,0.7150792973587669,0.713530486620559,0.7096338999602079,0.6954212418990829,0.6934239475856931,0.689614210125615,0.6709065127181026,0.5893544017827449,0.3285111340131586,0.05598973361446793,0.0,0,0,0,0,0
Summer,0,0,0,3.262095456532736e-06,0.05644479047564516,0.348272351877903,0.5995437860516082,0.6859657281902705,0.7141050654591616,0.7108515016368999,0.7025426935786908,0.6873343026994959,0.6737509372184934,0.6628866537657214,0.644307514558249,0.599093365948187,0.46462903843864833,0.16724713219559384,1.3299312245864228e-05,0,0,0,0,0
Fall,0,0,0,0.0,1.2883837288600918e-05,0.06957307924281406,0.4083127819284946,0.6153660679186472,0.6419282457953127,0.619530052553449,0.6013684944733201,0.5941256306109118,0.5966845038501757,0.6007640277738635,0.5686471266039653,0.37681537860155656,0.09148061301460346,7.658725499334991e-05,0.0,0,0,0,0,0
Summer Peak,0,0,0,0.0,0.000174647572134368,0.11356458378037282,0.22073270023132438,0.26830233269142284,0.36224089555319605,0.4737752013075067,0.5668186953620914,0.615763677452748,0.537412410403967,0.5562306863014452,0.5708574204676987,0.5084864062692125,0.34377191479998664,0.08688716713684808,0.0,0,0,0,0,0
Winter Peak,0,0,0,0.0,0.0,0.0,0.0,0.13092018626122562,0.2811389292432989,0.3424620580089789,0.34807261126379546,0.3663669444448705,0.4036978629885916,0.3257613839236299,0.23474816789510738,0.04416400480347831,0.0,0.0,0.0,0,0,0,0,0
