solar pv dist,Hour0,Hour1,Hour2,Hour3,Hour4,Hour5,Hour6,Hour7,Hour8,Hour9,Hour10,Hour11,Hour12,Hour13,Hour14,Hour15,Hour16,Hour17,Hour18,Hour19,Hour20,Hour21,Hour22,Hour23
Winter,0,0,0,0,0.0,1.1099483081216503e-05,0.13575460628547875,0.3776155139060666,0.45199790695461894,0.44781974439476097,0.42802936606095204,0.4209875368661402,0.42414296134208584,0.5560444613579423,0.4422319474835887,0.16218723242317573,0.011020201059207814,0.0,0,0,0,0,0,0
Spring,0,0,0,0,0.004477452192940728,0.02085711793993594,0.4474816065708939,0.5448280372942633,0.5667693368851678,0.5634236355564015,0.5600937906320365,0.5541595312846858,0.552928677893001,0.6158231059524943,0.5822114927219104,0.4727666254400152,0.22264175625535157,0.06820830558462564,0,0,0,0,0,0
Summer,0,0,0,0,0.008679376577211028,0.02894942025704873,0.4781412175021171,0.5370209679988598,0.5611643485332459,0.562539299278151,0.554176412887648,0.5419192300275828,0.5167069091274932,0.5405673348591933,0.5240113349597993,0.4867912506183088,0.3291497941765805,0.12279190455829703,0,0,0,0,0,0
Fall,0,0,0,0,0.0,0.0,0.4123590534610371,0.5238727266205115,0.5335790556133491,0.5180286018342479,0.5013212803864596,0.5004573662876206,0.5084149418277912,0.5764638710526,0.5225604142004759,0.3014133515084119,0.061239253386902,0.005942772416926739,0,0,0,0,0,0
Summer Peak,0,0,0,0,0.004048140043763676,0.022939460247994165,0.4075857038657914,0.4459883296863604,0.47363238512035016,0.48158278628738155,0.49981765134938005,0.5301969365426696,0.5070751276440555,0.5230488694383661,0.5350109409190372,0.4590809628008753,0.2794310722100657,0.06469730123997083,0,0,0,0,0,0
Winter Peak,0,0,0,0,0.0,0.0,0.06644784828592268,0.3304886943836615,0.44529540481400437,0.4402990517870168,0.4048504741064917,0.3865791393143691,0.3969365426695843,0.5287381473377096,0.3723924142961342,0.06291028446389497,0.0,0.0,0,0,0,0,0,0
