solar pv,Hour0,Hour1,Hour2,Hour3,Hour4,Hour5,Hour6,Hour7,Hour8,Hour9,Hour10,Hour11,Hour12,Hour13,Hour14,Hour15,Hour16,Hour17,Hour18,Hour19,Hour20,Hour21,Hour22,Hour23
Winter,0,0,0,0.0,0.0,2.1389096292431136e-05,0.06996479283869526,0.3760114183452534,0.5481927964064017,0.5460604517473078,0.5262518190749794,0.5092489699351112,0.5200678289676997,0.5266732478039098,0.46828080315234216,0.20969044089500063,0.013714222641599485,0.0,0.0,0,0,0,0,0
Spring,0,0,0,0.0,0.024212298173109086,0.2436623084011463,0.5821249034884989,0.7617718703053199,0.7977201114862096,0.7959923066409039,0.7916453963659286,0.7757901993060874,0.7735620802034466,0.7693120561814787,0.7484423337371388,0.6574653480132047,0.36647675218313347,0.06246039663851128,0.0,0,0,0,0,0
Summer,0,0,0,3.6390917215414306e-06,0.06296804384822868,0.38852174911758974,0.6688323065938213,0.7652419237822208,0.7966332888325024,0.7930037147354635,0.7837346681905646,0.7667686627244737,0.751615484795975,0.7394956297824479,0.7187693228474749,0.6683298320061161,0.518325631453781,0.18657567270316425,1.4836297018591984e-05,0,0,0,0,0
Fall,0,0,0,0.0,1.4372806143591123e-05,0.07761355242000713,0.4555009760796143,0.6864831496563467,0.7161150849890504,0.6911283607530321,0.6708678942705646,0.6627879817501761,0.6656425807481394,0.6701935701156615,0.6343649591119945,0.42036345750468496,0.1020529122887235,8.543834763134724e-05,0.0,0,0,0,0,0
Summer Peak,0,0,0,0.0,0.00019483137216867968,0.12668909975268397,0.24624250049969004,0.2993096954941341,0.40410461979936274,0.5285288048505857,0.6323252183734499,0.6869267104237223,0.5995204860845483,0.6205135664357236,0.6368306938548507,0.5672515400691108,0.38350120219252487,0.09692860765391814,0.0,0,0,0,0,0
Winter Peak,0,0,0,0.0,0.0,0.0,0.0,0.14605046736194652,0.3136298013485321,0.38203996690125974,0.3882989247321786,0.40870751096684776,0.45035271676790306,0.3634092169376298,0.26187771811622657,0.04926798323715487,0.0,0.0,0.0,0,0,0,0,0
